10.251593260625876, 4.418302783201721e-8
10.466082954812572,3.914720228021365e-08
10.700976008681025,3.166572627638917e-08
10.935869062549477,2.7282651668234742e-08
11.170762116417931,2.2839653972066597e-08
11.405655170286384,1.950146881548019e-08
11.640548224154836,1.6969698840526962e-08
11.875441278023288,1.447657961662768e-08
12.11033433189174,1.2513365286780279e-08
12.345227385760193,1.1092432784857963e-08
12.580120439628647,1.009591683737519e-08
12.8150134934971,9.32758478414551e-09
13.049906547365552,8.588570740987582e-09
13.284799601234004,7.8533410330087e-09
13.519692655102457,7.257019584140213e-09
13.754585708970911,6.837827112175156e-09
13.989478762839363,6.510448097588539e-09
14.224371816707816,6.1911908880302195e-09
14.459264870576268,5.868970866738475e-09
14.69415792444472,5.568170601150958e-09
14.929050978313175,5.312697105939499e-09
15.163944032181627,5.1066376890100694e-09
15.39883708605008,4.932197256312881e-09
15.633730139918532,4.770928766789106e-09
15.868623193786984,4.6143492136283346e-09
16.10351624765544,4.463400380302009e-09
16.33840930152389,4.3193939705138215e-09
16.573302355392343,4.183559658937905e-09
16.808195409260797,4.056638703473319e-09
17.043088463129248,3.939192327075841e-09
17.277981516997702,3.83178146949227e-09
17.512874570866153,3.734946413249049e-09
17.747767624734607,3.648435590082682e-09
17.98266067860306,3.5709752216545294e-09
18.21755373247151,3.501223856799945e-09
18.452446786339966,3.4378400443542795e-09
18.687339840208416,3.3794823331528877e-09
18.92223289407687,3.324816626269391e-09
19.157125947945325,3.2729549640183054e-09
19.392019001813775,3.223703721840557e-09
19.626912055682226,3.17692933402634e-09
19.86180510955068,3.132498234865852e-09
20.096698163419134,3.090276858649291e-09
20.33159121728759,3.0501564065780523e-09
20.56648427115604,3.012191400889191e-09
20.80137732502449,2.9765025020786046e-09
21.036270378892944,2.943210557974776e-09
21.271163432761398,2.9124364164061853e-09
21.506056486629852,2.884300925201315e-09
21.740949540498303,2.858915370232344e-09
21.975842594366753,2.8362381211616677e-09
22.210735648235207,2.816104587092139e-09
22.44562870210366,2.79834669571755e-09
22.680521755972116,2.7827963747316924e-09
22.915414809840566,2.7692855518283577e-09
23.150307863709017,2.7576461547013367e-09
23.38520091757747,2.747710111044421e-09
23.620093971445925,2.7393093485514024e-09
23.85498702531438,2.7322757949160713e-09
24.08988007918283,2.7264443633546106e-09
24.32477313305128,2.7216629464262303e-09
24.559666186919735,2.717782962973112e-09
24.79455924078819,2.7146558319068677e-09
25.029452294656643,2.7121329721391044e-09
25.264345348525094,2.710065802581433e-09
25.499238402393544,2.7083057421454614e-09
25.734131456262,2.7067042097428007e-09
25.969024510130453,2.705112624285058e-09
26.203917563998907,2.7034053146919896e-09
26.438810617867357,2.7016613685681856e-09
26.673703671735808,2.7000676170250647e-09
26.908596725604262,2.6988118530546894e-09
27.143489779472716,2.6980818696491204e-09
27.37838283334117,2.6980654598004204e-09
27.613275887209618,2.6989504165006516e-09
27.84816894107807,2.700924532741873e-09
28.083061994946526,2.70417560151615e-09
28.31795504881498,2.7088914158155413e-09
28.552848102683434,2.71525976863211e-09
28.78774115655188,2.7234684529579175e-09
29.022634210420335,2.733705050034492e-09
29.25752726428879,2.7460519060800883e-09
29.492420318157244,2.7603161716127635e-09
29.727313372025698,2.776260568880735e-09
29.962206425894145,2.7936478201322178e-09
30.1970994797626,2.8122406476154306e-09
30.431992533631053,2.8318017735785896e-09
30.666885587499507,2.8520939202699114e-09
30.90177864136796,2.8728798099376135e-09
31.13667169523641,2.8939221648299105e-09
31.371564749104863,2.914995013073394e-09
31.606457802973317,2.9360464865004936e-09
31.84135085684177,2.9571613116376915e-09
32.076243910710225,2.978427880372242e-09
32.31113696457867,2.999934584591404e-09
32.54603001844713,3.021769816182434e-09
32.78092307231558,3.044021967032591e-09
33.015816126184035,3.06677942902913e-09
33.25070918005249,3.0901305940593114e-09
33.485602233920936,3.11416385401039e-09
33.72049528778939,3.1389676007696233e-09
33.955388341657844,3.164619035422294e-09
34.1902813955263,3.191082932368432e-09
34.42517444939475,3.2182591258051443e-09
34.6600675032632,3.2460466627442374e-09
34.894960557131654,3.274344590197519e-09
35.12985361100011,3.303051955176795e-09
35.36474666486856,3.3320678046938738e-09
35.599639718737016,3.361291185760561e-09
35.83453277260546,3.3906211453886624e-09
36.06942582647392,3.4199567305899865e-09
36.30431888034237,3.449196988376339e-09
36.539211934210826,3.4782409657595282e-09
36.77410498807927,3.507021387342586e-09
37.00899804194773,3.5356363807272196e-09
37.24389109581618,3.5642347692540578e-09
37.478784149684635,3.592965389490716e-09
37.71367720355309,3.6219770780048037e-09
37.94857025742154,3.651418671363935e-09
38.18346331128999,3.6814390061357236e-09
38.418356365158445,3.712186918887782e-09
38.6532494190269,3.743811246187723e-09
38.88814247289535,3.7764608246031595e-09
39.1230355267638,3.810284490701702e-09
39.357928580632255,3.845431081050968e-09
39.59282163450071,3.882027252708885e-09
39.82771468836916,3.920075021279753e-09
40.06260774223762,3.959532895189201e-09
40.297500796106064,4.000359337679816e-09
40.53239384997452,4.042512811994193e-09
40.76728690384297,4.085951781374919e-09
41.00217995771143,4.130634709064583e-09
41.23707301157988,4.1765200583057735e-09
41.47196606544833,4.223566292341082e-09
41.70685911931678,4.271731874413099e-09
41.941752173185236,4.320975267764415e-09
42.17664522705369,4.371254935637616e-09
42.411538280922144,4.422523916765104e-09
42.64643133479059,4.474670081603696e-09
42.881324388659046,4.52753823329012e-09
43.1162174425275,4.580972409766797e-09
43.351110496395954,4.634816648976154e-09
43.5860035502644,4.688914988860605e-09
43.820896604132855,4.74311146736258e-09
44.05578965800131,4.797250122424499e-09
44.29068271186976,4.851174991988784e-09
44.52557576573822,4.904730113997857e-09
44.760468819606665,4.95775952639414e-09
44.99536187347512,5.010107407156821e-09
45.23025492734357,5.061713428245084e-09
45.46514798121203,5.112778889199232e-09
45.70004103508048,5.1635494938309295e-09
45.93493408894893,5.214270945951835e-09
46.16982714281738,5.2651889493736135e-09
46.40472019668584,5.316549207907926e-09
46.63961325055429,5.3685974253664355e-09
46.874506304422745,5.421579305560803e-09
47.10939935829119,5.4757405523026886e-09
47.344292412159646,5.531326869403758e-09
47.5791854660281,5.588583960675673e-09
47.814078519896555,5.647757529930094e-09
48.04897157376501,5.709093280978684e-09
48.283864627633456,5.7728364541361196e-09
48.51875768150191,5.83907104598815e-09
48.753650735370364,5.9074839339436095e-09
48.98854378923882,5.977701949956636e-09
49.223436843107265,6.0493519259813615e-09
49.45832989697572,6.12206069397193e-09
49.693222950844174,6.195455085882471e-09
49.92811600471263,6.2691619336671195e-09
50.16300905858108,6.342808069280019e-09
50.39790211244953,6.416020324675294e-09
50.63279516631798,6.48842553180709e-09
50.86768822018644,6.559650522629542e-09
51.10258127405489,6.629322129096783e-09
51.337474327923346,6.697158032490105e-09
51.57236738179179,6.7633603473224765e-09
51.80726043566025,6.828292006167041e-09
52.0421534895287,6.892316047892138e-09
52.277046543397155,6.9557955113661016e-09
52.51193959726561,7.0190934354572656e-09
52.746832651134056,7.082572859033971e-09
52.98172570500251,7.146596820964555e-09
53.216618758870965,7.211528360117354e-09
53.45151181273942,7.2777305153607035e-09
53.68640486660787,7.345566325562943e-09
53.92129792047632,7.415398829592404e-09
54.156190974344774,7.48759106631743e-09
54.39108402821323,7.562506074606354e-09
54.62597708208168,7.640506893327513e-09
54.86087013595014,7.72195655825524e-09
55.095763189818584,7.807080864859724e-09
55.33065624368704,7.895602451947645e-09
55.56554929755549,7.98712867941866e-09
55.800442351423946,8.081266907172432e-09
56.0353354052924,8.17762449510862e-09
56.27022845916085,8.275808803126873e-09
56.5051215130293,8.375427191126864e-09
56.740014566897756,8.476087019008245e-09
56.97490762076621,8.57739564667068e-09
57.209800674634664,8.67896043401382e-09
57.44469372850311,8.780388740937329e-09
57.679586782371565,8.881287927340866e-09
57.91447983624002,8.98126535312409e-09
58.149372890108474,9.079928448966667e-09
58.38426594397693,9.177013154998773e-09
58.619158997845375,9.272649526543383e-09
58.85405205171383,9.367042917778624e-09
59.08894510558228,9.460398682882622e-09
59.32383815945074,9.552922176033494e-09
59.55873121331919,9.644818751409366e-09
59.79362426718764,9.736293763188355e-09
60.02851732105609,9.827552565548593e-09
60.26341037492455,9.918800512668197e-09
60.498303428793,1.001024295872529e-08
60.733196482661455,1.0102085257898003e-08
60.9680895365299,1.0194532764364445e-08
61.202982590398356,1.0287790832302748e-08
61.43787564426681,1.0382064815891037e-08
61.672768698135265,1.047756006930743e-08
61.90766175200372,1.0574481946730049e-08
62.142554805872166,1.0673035693307596e-08
62.37744785974062,1.0773363689679057e-08
62.612340913609074,1.0875440165907613e-08
62.84723396747753,1.097921153615623e-08
63.082127021345975,1.1084624214587863e-08
63.31702007521443,1.1191624615365477e-08
63.551913129082884,1.1300159152652038e-08
63.78680618295134,1.1410174240610499e-08
64.0216992368198,1.1521616293403832e-08
64.25659229068825,1.1634431725194984e-08
64.4914853445567,1.1748566950146924e-08
64.72637839842515,1.1863968382422622e-08
64.9612714522936,1.1980582436185027e-08
65.19616450616206,1.209835552559711e-08
65.43105756003051,1.2217234064821818e-08
65.66595061389896,1.233716593127219e-08
65.90084366776742,1.2458131084353489e-08
66.13573672163587,1.2580140715295517e-08
66.37062977550433,1.2703207308506197e-08
66.60552282937277,1.2827343348393432e-08
66.84041588324122,1.2952561319365135e-08
67.07530893710968,1.3078873705829225e-08
67.31020199097813,1.3206292992193594e-08
67.54509504484659,1.3334831662866174e-08
67.77998809871504,1.346450220225485e-08
68.01488115258348,1.3595317094767545e-08
68.24977420645195,1.3727288824812183e-08
68.48466726032039,1.3860429876796652e-08
68.71956031418885,1.3994752735128876e-08
68.9544533680573,1.4130269884216753e-08
69.18934642192575,1.4266993808468201e-08
69.42423947579421,1.4404936992291137e-08
69.65913252966266,1.4544097603431101e-08
69.89402558353112,1.4684384399367355e-08
70.12891863739956,1.4825671687071628e-08
70.36381169126801,1.4967833700791976e-08
70.59870474513647,1.511074467477647e-08
70.83359779900492,1.5254278843273148e-08
71.06849085287338,1.539831044053008e-08
71.30338390674183,1.5542713700795316e-08
71.53827696061028,1.568736285831691e-08
71.77317001447874,1.5832132147342938e-08
72.00806306834718,1.597689580212143e-08
72.24295612221565,1.6121528056900463e-08
72.47784917608409,1.6265903145928077e-08
72.71274222995254,1.6409895303452338e-08
72.947635283821,1.6553378763721312e-08
73.18252833768945,1.6696227760983038e-08
73.41742139155791,1.683831652948559e-08
73.65231444542636,1.69795198193317e-08
73.8872074992948,1.711981895624772e-08
74.12210055316326,1.725943169662748e-08
74.35699360703171,1.739860757874265e-08
74.59188666090017,1.753759614086491e-08
74.82677971476862,1.7676646921265922e-08
75.06167276863708,1.7816009458217384e-08
75.29656582250553,1.795593328999094e-08
75.53145887637397,1.8096667954858295e-08
75.76635193024244,1.8238462991091122e-08
76.00124498411088,1.8381567936961082e-08
76.23613803797934,1.8526232330739867e-08
76.47103109184779,1.8672705710699136e-08
76.70592414571624,1.8821237615110575e-08
76.9408171995847,1.8972077582245873e-08
77.17571025345315,1.9125475150376677e-08
77.41060330732161,1.928167985777469e-08
77.64549636119006,1.9440941242711567e-08
77.8803894150585,1.9603508843458998e-08
78.11528246892696,1.9769632198288652e-08
78.35017552279541,1.993956067867472e-08
78.58506857666387,2.0113405910145904e-08
78.81996163053232,2.0290892378480263e-08
79.05485468440077,2.0471677057308025e-08
79.28974773826923,2.0655416920259414e-08
79.52464079213767,2.0841768940964624e-08
79.75953384600614,2.1030390093053874e-08
79.99442689987458,2.122093735015738e-08
80.22931995374303,2.1413067685905353e-08
80.46421300761149,2.1606438073928012e-08
80.69910606147994,2.1800705487855567e-08
80.9339991153484,2.1995526901318238e-08
81.16889216921685,2.2190559287946222e-08
81.4037852230853,2.2385459621369747e-08
81.63867827695375,2.2579884875219034e-08
81.8735713308222,2.2773492023124274e-08
82.10846438469066,2.2965938038715704e-08
82.34335743855911,2.3156879895623516e-08
82.57825049242756,2.334597456747793e-08
82.81314354629602,2.3532919004744672e-08
83.04803660016447,2.3717860070786943e-08
83.28292965403293,2.390122801076189e-08
83.51782270790137,2.408345749296375e-08
83.75271576176982,2.426498318568677e-08
83.98760881563828,2.4446239757225233e-08
84.22250186950673,2.4627661875873352e-08
84.45739492337519,2.48096842099254e-08
84.69228797724364,2.4992741427675608e-08
84.92718103111208,2.5177268197418237e-08
85.16207408498055,2.536369918744755e-08
85.39696713884899,2.5552469066057767e-08
85.63186019271745,2.574401250154317e-08
85.8667532465859,2.5938764162197984e-08
86.10164630045435,2.613715871631647e-08
86.33653935432281,2.6339630832192884e-08
86.57143240819126,2.654661517812147e-08
86.8063254620597,2.6758546422396474e-08
87.04121851592816,2.6975859233312162e-08
87.27611156979661,2.7198988279162757e-08
87.51100462366507,2.7428368228242548e-08
87.74589767753352,2.7664383553521716e-08
87.98079073140197,2.790684424794933e-08
88.21568378527043,2.8155193920361044e-08
88.45057683913888,2.8408870261243978e-08
88.68546989300734,2.8667310961085355e-08
88.92036294687578,2.892995371037233e-08
89.15525600074423,2.9196236199592082e-08
89.39014905461269,2.9465596119231803e-08
89.62504210848114,2.973747115977864e-08
89.8599351623496,3.001129901171981e-08
90.09482821621805,3.028651736554243e-08
90.3297212700865,3.056256391173372e-08
90.56461432395496,3.0838876340780865e-08
90.7995073778234,3.1114892343171e-08
91.03440043169186,3.139004960939135e-08
91.26929348556031,3.166378582992905e-08
91.50418653942876,3.1935538695271285e-08
91.73907959329722,3.220474589590526e-08
91.97397264716567,3.247084512231811e-08
92.20886570103413,3.273327406499704e-08
92.44375875490257,3.2991470431110294e-08
92.67865180877102,3.32450737221516e-08
92.91354486263948,3.349442775568959e-08
93.14843791650793,3.3740029917876694e-08
93.38333097037639,3.398237759486539e-08
93.61822402424484,3.422196817280812e-08
93.85311707811329,3.445929903785734e-08
94.08801013198175,3.469486757616555e-08
94.3229031858502,3.4929171173885176e-08
94.55779623971866,3.516270721716867e-08
94.7926892935871,3.53959730921685e-08
95.02758234745555,3.562946618503715e-08
95.26247540132401,3.586368388192706e-08
95.49736845519246,3.6099123568990684e-08
95.73226150906092,3.63362826323805e-08
95.96715456292937,3.657565845824894e-08
96.20204761679781,3.681774843274847e-08
96.43694067066627,3.706304994203159e-08
96.67183372453472,3.73120603722507e-08
96.90672677840318,3.7565277109558317e-08
97.14161983227163,3.782319754010685e-08
97.37651288614008,3.808631905004878e-08
97.61140594000854,3.8355139025536584e-08
97.84629899387699,3.863015485272268e-08
98.08119204774545,3.8911836217800035e-08
98.3160851016139,3.9200156208774415e-08
98.55097815548234,3.949465872710044e-08
98.7858712093508,3.9794873546618296e-08
99.02076426321925,4.010033044116805e-08
99.25565731708771,4.0410559184589885e-08
99.49055037095616,4.072508955072386e-08
99.7254434248246,4.104345131341015e-08
99.96033647869307,4.136517424648892e-08
100.19522953256151,4.1689788123800215e-08
100.43012258642997,4.2016822719184224e-08
100.66501564029842,4.234580780648106e-08
100.89990869416687,4.267627315953082e-08
101.13480174803533,4.300774855217368e-08
101.36969480190378,4.3339763758249737e-08
101.60458785577224,4.3671848551599145e-08
101.83948090964068,4.4003532706062006e-08
102.07437396350913,4.4334345995478455e-08
102.30926701737759,4.4663818193688645e-08
102.54416007124604,4.499147907453267e-08
102.7790531251145,4.53168584118507e-08
103.01394617898295,4.563948993135447e-08
103.2488392328514,4.5959192002796436e-08
103.48373228671986,4.6276253940452934e-08
103.7186253405883,4.6591009257833265e-08
103.95351839445676,4.690379146844677e-08
104.18841144832521,4.7214934085802745e-08
104.42330450219366,4.752477062341052e-08
104.65819755606212,4.783363459477944e-08
104.89309060993057,4.814185951341877e-08
105.12798366379903,4.844977889283791e-08
105.36287671766748,4.87577262465461e-08
105.59776977153592,4.90660350880527e-08
105.83266282540438,4.937503893086703e-08
106.06755587927283,4.968507128849841e-08
106.30244893314129,4.999646567445616e-08
106.53734198700974,5.030955560224958e-08
106.77223504087819,5.062467458538802e-08
107.00712809474665,5.094215613738079e-08
107.2420211486151,5.1262333771737194e-08
107.47691420248356,5.15855410019666e-08
107.711807256352,5.191211134157825e-08
107.94670031022045,5.224237830408154e-08
108.18159336408891,5.257667540298575e-08
108.41648641795736,5.29153361518002e-08
108.65137947182582,5.3258694064034264e-08
108.88627252569427,5.3607082653197164e-08
109.12116557956271,5.396083543279829e-08
109.35605863343118,5.432028591634698e-08
109.59095168729962,5.468576657044189e-08
109.82584474116808,5.5057438724020055e-08
110.06073779503653,5.5435104239609355e-08
110.29563084890498,5.581851962896408e-08
110.53052390277344,5.620744140383848e-08
110.76541695664189,5.6601626075986736e-08
111.00031001051035,5.700083015716316e-08
111.2352030643788,5.7404810159121885e-08
111.47009611824724,5.781332259361721e-08
111.7049891721157,5.82261239724034e-08
111.93988222598415,5.864297080723462e-08
112.17477527985261,5.9063619609865164e-08
112.40966833372106,5.94878268920492e-08
112.6445613875895,5.991534916554102e-08
112.87945444145797,6.034594294209486e-08
113.11434749532641,6.077936473346493e-08
113.34924054919487,6.121537105140547e-08
113.58413360306332,6.16537184076707e-08
113.81902665693177,6.209416331401486e-08
114.05391971080023,6.253646228219225e-08
114.28881276466868,6.2980371823957e-08
114.52370581853714,6.342564845106344e-08
114.75859887240559,6.387204867526571e-08
114.99349192627403,6.431932900831811e-08
115.2283849801425,6.47672459619749e-08
115.46327803401094,6.521555604799022e-08
115.69817108787939,6.566402000773958e-08
115.93306414174785,6.611253935615116e-08
116.1679571956163,6.656118586220857e-08
116.40285024948476,6.701004148751907e-08
116.6377433033532,6.745918819368973e-08
116.87263635722165,6.790870794232786e-08
117.10752941109011,6.83586826950406e-08
117.34242246495856,6.880919441343508e-08
117.57731551882702,6.92603250591186e-08
117.81220857269547,6.971215659369822e-08
118.04710162656392,7.016477097878121e-08
118.28199468043238,7.061825017597475e-08
118.51688773430082,7.107267614688599e-08
118.75178078816928,7.152813085312213e-08
118.98667384203773,7.198469625629036e-08
119.22156689590618,7.244245431799787e-08
119.45645994977464,7.290148699985184e-08
119.69135300364309,7.336187626345945e-08
119.92624605751155,7.38237040704279e-08
120.16113911138,7.428705238236434e-08
120.39603216524844,7.475200316087602e-08
120.6309252191169,7.521863836757007e-08
120.86581827298535,7.568703996405366e-08
121.10071132685381,7.615728991193407e-08
121.33560438072226,7.662947017281841e-08
121.5704974345907,7.710366270831386e-08
121.80539048845917,7.757994948002762e-08
122.04028354232761,7.805841244956691e-08
122.27517659619608,7.85391335785389e-08
122.51006965006452,7.902219482855072e-08
122.74496270393297,7.950767816120961e-08
122.97985575780143,7.999566553812276e-08
123.21474881166988,8.04862389208973e-08
123.44964186553834,8.097948027114052e-08
123.68453491940679,8.14754715504595e-08
123.91942797327523,8.197429472046147e-08
124.1543210271437,8.247603174275363e-08
124.38921408101214,8.298076457894313e-08
124.6241071348806,8.348857519063719e-08
124.85900018874905,8.399954553944297e-08
125.0938932426175,8.451375758696763e-08
125.32878629648596,8.503129329481845e-08
125.5636793503544,8.555223462460252e-08
125.79857240422287,8.60766635379271e-08
126.03346545809131,8.660466199639931e-08
126.26835851195976,8.713631196162632e-08
126.50325156582822,8.767169539521545e-08
126.73814461969667,8.821089425877373e-08
126.97303767356513,8.875399051390846e-08
127.20793072743358,8.930106612222672e-08
127.44282378130202,8.985220304533577e-08
127.67771683517049,9.04074832448428e-08
